id;bank_code;bank_name;bin;organization_id;class;type;reward;is_business
1;1;TÜRK ELEKTRONİK PARA A.S.;478592;VISA;YIKK;credit;;0
2;1;TÜRK ELEKTRONİK PARA A.S.;478593;VISA;YIKK;credit;;0
3;1;TÜRK ELEKTRONİK PARA A.S.;478594;VISA;YIKK;credit;;0
4;1;TÜRK ELEKTRONİK PARA A.S.;534060;MASTER;YIDK;debit;;0
5;1;TÜRK ELEKTRONİK PARA A.S.;535616;MASTER;YIDK;debit;;0
6;1;TÜRK ELEKTRONİK PARA A.S.;538841;MASTER;YIDK;debit;;0
7;1;TÜRK ELEKTRONİK PARA A.S.;578963;VISA;YIKK;debit;;0
8;1;TÜRK ELEKTRONİK PARA A.S.;650457;TROY;YITKK;credit;;0
9;1;TÜRK ELEKTRONİK PARA A.S.;979235;TROY;YITDK;debit;;0
10;1;TÜRK ELEKTRONİK PARA A.S.;979248;TROY;YIKK;credit;;0
11;1;TÜRK ELEKTRONİK PARA A.S.;979257;TROY;YITKK;credit;;0
12;2;PAPARA ELEKTRONİK PARA VE ÖDEME HİZMETLE;460957;VISA;YIDK;debit;;0
13;2;PAPARA ELEKTRONİK PARA VE ÖDEME HİZMETLE;531389;MASTER;YIDK;debit;;0
14;2;PAPARA ELEKTRONİK PARA VE ÖDEME HİZMETLE;535925;MASTER;YIDK;debit;;0
15;2;PAPARA ELEKTRONİK PARA VE ÖDEME HİZMETLE;539374;MASTER;YIDK;debit;;0
16;2;PAPARA ELEKTRONİK PARA VE ÖDEME HİZMETLE;548793;MASTER;YIKK;credit;;0
17;3;POSTA VE TELGRAF TEŞKİLATI A.Ş.;434913;VISA;YIDK;debit;;0
18;3;POSTA VE TELGRAF TEŞKİLATI A.Ş.;434914;VISA;YIDK;debit;;0
19;3;POSTA VE TELGRAF TEŞKİLATI A.Ş.;456924;VISA;YIDK;debit;;0
20;3;POSTA VE TELGRAF TEŞKİLATI A.Ş.;456925;VISA;YIDK;debit;;0
21;3;POSTA VE TELGRAF TEŞKİLATI A.Ş.;533207;MASTER;YIDK;debit;;0
22;3;POSTA VE TELGRAF TEŞKİLATI A.Ş.;537608;MASTER;YIDK;debit;;0
23;3;POSTA VE TELGRAF TEŞKİLATI A.Ş.;671200;MASTER;YIDK;debit;;0
24;3;POSTA VE TELGRAF TEŞKİLATI A.Ş.;979249;TROY;YITDK;debit;;0
25;3;POSTA VE TELGRAF TEŞKİLATI A.Ş.;979254;TROY;YITDK;debit;;0
26;3;POSTA VE TELGRAF TEŞKİLATI A.Ş.;979259;TROY;YIKK;credit;;0
27;3;POSTA VE TELGRAF TEŞKİLATI A.Ş.;979277;TROY;YITDK;debit;;0
28;3;POSTA VE TELGRAF TEŞKİLATI A.Ş.;979278;TROY;YITDK;debit;;0
29;4;İNİNAL ÖDEME VE ELEKTRONİK PARA HİZ. A.Ş;439748;VISA;YIDK;debit;;0
30;4;İNİNAL ÖDEME VE ELEKTRONİK PARA HİZ. A.Ş;460962;VISA;YIDK;debit;;0
31;4;İNİNAL ÖDEME VE ELEKTRONİK PARA HİZ. A.Ş;478500;VISA;YIDK;debit;;0
32;4;İNİNAL ÖDEME VE ELEKTRONİK PARA HİZ. A.Ş;979266;TROY;YITDK;debit;;0
33;5;TURKCELL ÖDEME VE ELEKT. PARA HİZ. A.Ş.;434727;VISA;YIDK;debit;;0
34;5;TURKCELL ÖDEME VE ELEKT. PARA HİZ. A.Ş.;471688;VISA;YIDK;debit;;0
35;6;PALADYUM ELEKT. PARA VE ÖDEME HİZM. A.Ş.;439724;VISA;YIDK;debit;;0
36;6;PALADYUM ELEKT. PARA VE ÖDEME HİZM. A.Ş.;979260;TROY;YITDK;debit;;0
37;10;ZİRAAT BANKASI;404591;VISA;YIKK;credit;;0
38;10;ZİRAAT BANKASI;407814;VISA;YIDK;debit;;0
39;10;ZİRAAT BANKASI;413226;VISA;YIKK;credit;;
40;10;ZİRAAT BANKASI;434528;VISA;YIKK;credit;;0
41;10;ZİRAAT BANKASI;434529;VISA;YIDK;debit;;0
42;10;ZİRAAT BANKASI;444676;VISA;YIKK;credit;;
43;10;ZİRAAT BANKASI;444677;VISA;YIKK;credit;;
44;10;ZİRAAT BANKASI;444678;VISA;YIKK;credit;;
45;10;ZİRAAT BANKASI;447504;VISA;YIDK;debit;;0
46;10;ZİRAAT BANKASI;454671;VISA;YIKK;credit;;
47;10;ZİRAAT BANKASI;454672;VISA;YIKK;credit;;
48;10;ZİRAAT BANKASI;454673;VISA;YIKK;credit;;1
49;10;ZİRAAT BANKASI;454674;VISA;YIKK;credit;;
50;10;ZİRAAT BANKASI;460952;VISA;YIDK;debit;;0
51;10;ZİRAAT BANKASI;469884;VISA;YIKK;credit;;1
52;10;ZİRAAT BANKASI;476619;VISA;YIDK;debit;;0
53;10;ZİRAAT BANKASI;482465;VISA;YIDK;debit;;0
54;10;ZİRAAT BANKASI;487146;VISA;YIKK;credit;;0
55;10;ZİRAAT BANKASI;487147;VISA;YIKK;credit;;1
56;10;ZİRAAT BANKASI;487148;VISA;YIDK;debit;;0
57;10;ZİRAAT BANKASI;487149;VISA;YIDK;debit;;0
58;10;ZİRAAT BANKASI;511885;MASTER;YIKK;credit;;0
59;10;ZİRAAT BANKASI;512358;VISA;YIKK;credit;;0
60;10;ZİRAAT BANKASI;512440;MASTER;YIDK;debit;;0
61;10;ZİRAAT BANKASI;513662;MASTER;YIKK;credit;;0
62;10;ZİRAAT BANKASI;516932;MASTER;YIDK;debit;;0
63;10;ZİRAAT BANKASI;521458;VISA;YDMKK;credit;;0
64;10;ZİRAAT BANKASI;523529;MASTER;YIKK;credit;;0
65;10;ZİRAAT BANKASI;525329;MASTER;YIKK;credit;;0
66;10;ZİRAAT BANKASI;527682;MASTER;YIDK;debit;;0
67;10;ZİRAAT BANKASI;527737;MASTER;YIKK;credit;;1
68;10;ZİRAAT BANKASI;528208;MASTER;YIDK;debit;;0
69;10;ZİRAAT BANKASI;530905;MASTER;YIKK;credit;;0
70;10;ZİRAAT BANKASI;531102;MASTER;YIDK;debit;;0
71;10;ZİRAAT BANKASI;533154;MASTER;YIDK;debit;;0
72;10;ZİRAAT BANKASI;534981;MASTER;YIKK;credit;;0
73;10;ZİRAAT BANKASI;535735;MASTER;YIDK;debit;;0
74;10;ZİRAAT BANKASI;540130;MASTER;YIKK;credit;;
75;10;ZİRAAT BANKASI;540134;MASTER;YIKK;credit;;
76;10;ZİRAAT BANKASI;542374;MASTER;YIKK;credit;;
77;10;ZİRAAT BANKASI;542941;MASTER;YIDK;debit;;0
78;10;ZİRAAT BANKASI;546957;MASTER;YIDK;debit;;0
79;10;ZİRAAT BANKASI;547287;MASTER;YIKK;credit;;1
80;10;ZİRAAT BANKASI;549449;MASTER;YIKK;credit;;0
81;10;ZİRAAT BANKASI;650083;TROY;YITDK;debit;;0
82;10;ZİRAAT BANKASI;676123;MASTER;YIDK;debit;;0
83;10;ZİRAAT BANKASI;676124;MASTER;YIDK;debit;;0
84;10;ZİRAAT BANKASI;777777;DINERS;YIDK;credit;;0
85;10;ZİRAAT BANKASI;979217;TROY;YITDK;debit;;0
86;10;ZİRAAT BANKASI;979280;TROY;YITDK;debit;;0
87;12;T. HALK BANKASI A.Ş.;113012;AMEX;YIAMEX;credit;;0
88;12;T. HALK BANKASI A.Ş.;401049;VISA;YIDK;debit;;0
89;12;T. HALK BANKASI A.Ş.;415514;VISA;YIKK;credit;;0
90;12;T. HALK BANKASI A.Ş.;415515;VISA;YIDK;debit;;0
91;12;T. HALK BANKASI A.Ş.;416607;VISA;YIKK;credit;;0
92;12;T. HALK BANKASI A.Ş.;421030;VISA;YIDK;debit;;0
93;12;T. HALK BANKASI A.Ş.;423480;VISA;YIKK;credit;;0
94;12;T. HALK BANKASI A.Ş.;447505;VISA;YIDK;debit;;0
95;12;T. HALK BANKASI A.Ş.;451454;VISA;YIDK;debit;;0
96;12;T. HALK BANKASI A.Ş.;456944;VISA;YIKK;credit;;1
97;12;T. HALK BANKASI A.Ş.;466260;VISA;YIDK;debit;;0
98;12;T. HALK BANKASI A.Ş.;478551;VISA;YIDK;debit;;0
99;12;T. HALK BANKASI A.Ş.;492094;VISA;YIKK;credit;;0
100;12;T. HALK BANKASI A.Ş.;492095;VISA;YIKK;credit;;0
101;12;T. HALK BANKASI A.Ş.;498852;VISA;YIKK;credit;;1
102;12;T. HALK BANKASI A.Ş.;499821;VISA;YIDK;debit;;0
103;12;T. HALK BANKASI A.Ş.;510056;MASTER;YIKK;credit;;0
104;12;T. HALK BANKASI A.Ş.;521378;MASTER;YIKK;credit;;0
105;12;T. HALK BANKASI A.Ş.;526289;MASTER;YIDK;debit;;0
106;12;T. HALK BANKASI A.Ş.;526290;MASTER;YIDK;debit;;0
107;12;T. HALK BANKASI A.Ş.;527284;MASTER;YIKK;credit;;1
108;12;T. HALK BANKASI A.Ş.;535241;MASTER;YIDK;debit;;0
109;12;T. HALK BANKASI A.Ş.;536503;MASTER;YIKK;credit;;0
110;12;T. HALK BANKASI A.Ş.;537500;MASTER;YIDK;debit;;0
111;12;T. HALK BANKASI A.Ş.;540435;MASTER;YIKK;credit;;0
112;12;T. HALK BANKASI A.Ş.;543081;MASTER;YIKK;credit;;0
113;12;T. HALK BANKASI A.Ş.;552879;MASTER;YIKK;credit;;1
114;12;T. HALK BANKASI A.Ş.;639001;MASTER;YIDK;debit;;0
115;12;T. HALK BANKASI A.Ş.;676258;MASTER;YIDK;debit;;0
116;12;T. HALK BANKASI A.Ş.;979210;TROY;YITKK;debit;;0
117;12;T. HALK BANKASI A.Ş.;979212;TROY;YITDK;debit;;0
118;12;T. HALK BANKASI A.Ş.;979238;TROY;YITDK;debit;;0
119;12;T. HALK BANKASI A.Ş.;979244;TROY;YIKK;credit;;0
120;12;T. HALK BANKASI A.Ş.;979245;TROY;YITKK;credit;;0
121;15;T. VAKIFLAR BANKASI T.A.O;113015;AMEX;YIAMEX;credit;;0
122;15;T. VAKIFLAR BANKASI T.A.O;402940;VISA;YIKK;credit;world;
123;15;T. VAKIFLAR BANKASI T.A.O;409084;VISA;YIKK;credit;world;
124;15;T. VAKIFLAR BANKASI T.A.O;411724;VISA;YIKK;credit;world;
125;15;T. VAKIFLAR BANKASI T.A.O;411942;VISA;YIKK;credit;world;0
126;15;T. VAKIFLAR BANKASI T.A.O;411943;VISA;YIKK;credit;world;
127;15;T. VAKIFLAR BANKASI T.A.O;411944;VISA;YIKK;credit;world;
128;15;T. VAKIFLAR BANKASI T.A.O;411979;VISA;YIKK;credit;world;
129;15;T. VAKIFLAR BANKASI T.A.O;415792;VISA;YIKK;credit;world;
130;15;T. VAKIFLAR BANKASI T.A.O;416757;VISA;YIKK;credit;world;
131;15;T. VAKIFLAR BANKASI T.A.O;423478;VISA;YIVDK;debit;;0
132;15;T. VAKIFLAR BANKASI T.A.O;428945;VISA;YIKK;credit;world;1
133;15;T. VAKIFLAR BANKASI T.A.O;434530;VISA;YIDK;debit;;0
134;15;T. VAKIFLAR BANKASI T.A.O;434724;VISA;YIKK;credit;world;0
135;15;T. VAKIFLAR BANKASI T.A.O;442671;VISA;YIDK;debit;;0
136;15;T. VAKIFLAR BANKASI T.A.O;459252;VISA;YIKK;credit;world;1
137;15;T. VAKIFLAR BANKASI T.A.O;479908;VISA;YIKK;credit;;1
138;15;T. VAKIFLAR BANKASI T.A.O;479909;VISA;YIKK;credit;world;0
139;15;T. VAKIFLAR BANKASI T.A.O;483612;VISA;YIVDK;debit;;0
140;15;T. VAKIFLAR BANKASI T.A.O;491005;VISA;YIDK;debit;;0
141;15;T. VAKIFLAR BANKASI T.A.O;493840;VISA;YIKK;credit;world;
142;15;T. VAKIFLAR BANKASI T.A.O;493841;VISA;YIKK;credit;world;
143;15;T. VAKIFLAR BANKASI T.A.O;493846;VISA;YIKK;credit;world;
144;15;T. VAKIFLAR BANKASI T.A.O;520017;MASTER;YIKK;credit;world;
145;15;T. VAKIFLAR BANKASI T.A.O;531369;MASTER;YIKK;credit;world;0
146;15;T. VAKIFLAR BANKASI T.A.O;535576;MASTER;YIDK;debit;;0
147;15;T. VAKIFLAR BANKASI T.A.O;535775;MASTER;YIDK;debit;;0
148;15;T. VAKIFLAR BANKASI T.A.O;537504;MASTER;YIDK;debit;;0
149;15;T. VAKIFLAR BANKASI T.A.O;540045;MASTER;YIKK;credit;world;
150;15;T. VAKIFLAR BANKASI T.A.O;540046;MASTER;YIKK;credit;world;
151;15;T. VAKIFLAR BANKASI T.A.O;542119;MASTER;YIKK;credit;world;
152;15;T. VAKIFLAR BANKASI T.A.O;542798;MASTER;YIKK;credit;world;
153;15;T. VAKIFLAR BANKASI T.A.O;542804;MASTER;YIKK;credit;world;
154;15;T. VAKIFLAR BANKASI T.A.O;547244;MASTER;YIKK;credit;world;1
155;15;T. VAKIFLAR BANKASI T.A.O;552101;MASTER;YIKK;credit;world;
156;15;T. VAKIFLAR BANKASI T.A.O;554548;MASTER;YIDK;debit;;0
157;15;T. VAKIFLAR BANKASI T.A.O;589311;MASTER;YIDK;debit;;0
158;15;T. VAKIFLAR BANKASI T.A.O;650052;TROY;YITDK;debit;;0
159;15;T. VAKIFLAR BANKASI T.A.O;650170;TROY;YITKK;credit;world;0
160;15;T. VAKIFLAR BANKASI T.A.O;979209;TROY;YITDK;debit;;0
161;15;T. VAKIFLAR BANKASI T.A.O;979256;TROY;YITDK;debit;;0
162;32;TÜRK EKONOMİ BANKASI A.Ş.;113032;AMEX;YIAMEX;credit;;0
163;32;TÜRK EKONOMİ BANKASI A.Ş.;115032;CUP;YDCKK;credit;;0
164;32;TÜRK EKONOMİ BANKASI A.Ş.;402142;VISA;YIDK;debit;;0
165;32;TÜRK EKONOMİ BANKASI A.Ş.;402458;VISA;TEbonus;credit;bonus;0
166;32;TÜRK EKONOMİ BANKASI A.Ş.;402459;VISA;TEbonus;credit;bonus;0
167;32;TÜRK EKONOMİ BANKASI A.Ş.;404315;VISA;YIDK;debit;;0
168;32;TÜRK EKONOMİ BANKASI A.Ş.;404350;VISA;TEBNSTK;credit;bonus;1
169;32;TÜRK EKONOMİ BANKASI A.Ş.;406015;VISA;TEbonus;credit;bonus;0
170;32;TÜRK EKONOMİ BANKASI A.Ş.;413528;VISA;YIDK;debit;;0
171;32;TÜRK EKONOMİ BANKASI A.Ş.;416350;VISA;YIKK;credit;;0
172;32;TÜRK EKONOMİ BANKASI A.Ş.;416563;VISA;TEBNSTK;credit;bonus;1
173;32;TÜRK EKONOMİ BANKASI A.Ş.;427308;VISA;YIKK;credit;;1
174;32;TÜRK EKONOMİ BANKASI A.Ş.;427707;VISA;YIKK;credit;;1
175;32;TÜRK EKONOMİ BANKASI A.Ş.;438040;VISA;YIKK;credit;;0
176;32;TÜRK EKONOMİ BANKASI A.Ş.;440247;VISA;YIDK;debit;;0
177;32;TÜRK EKONOMİ BANKASI A.Ş.;440273;VISA;YIKK;credit;;
178;32;TÜRK EKONOMİ BANKASI A.Ş.;440274;VISA;YIDK;debit;;0
179;32;TÜRK EKONOMİ BANKASI A.Ş.;440293;VISA;TEbonus;credit;bonus;0
180;32;TÜRK EKONOMİ BANKASI A.Ş.;440294;VISA;YIKK;credit;;1
181;32;TÜRK EKONOMİ BANKASI A.Ş.;440295;VISA;YIDK;debit;;
182;32;TÜRK EKONOMİ BANKASI A.Ş.;447503;VISA;YIDK;debit;;0
183;32;TÜRK EKONOMİ BANKASI A.Ş.;450918;VISA;YIKK;credit;;0
184;32;TÜRK EKONOMİ BANKASI A.Ş.;455645;VISA;YIKK;credit;;0
185;32;TÜRK EKONOMİ BANKASI A.Ş.;459026;VISA;TEBNSTK;credit;bonus;1
186;32;TÜRK EKONOMİ BANKASI A.Ş.;469188;VISA;TEBNSTK;credit;bonus;1
187;32;TÜRK EKONOMİ BANKASI A.Ş.;479227;VISA;YIKK;credit;;1
188;32;TÜRK EKONOMİ BANKASI A.Ş.;489494;VISA;TEbonus;credit;bonus;0
189;32;TÜRK EKONOMİ BANKASI A.Ş.;489495;VISA;TEbonus;credit;bonus;0
190;32;TÜRK EKONOMİ BANKASI A.Ş.;489496;VISA;TEBNSTK;credit;bonus;1
191;32;TÜRK EKONOMİ BANKASI A.Ş.;497022;VISA;YIDK;debit;;0
192;32;TÜRK EKONOMİ BANKASI A.Ş.;510138;MASTER;YIKK;credit;;
193;32;TÜRK EKONOMİ BANKASI A.Ş.;510139;MASTER;YIKK;credit;;0
194;32;TÜRK EKONOMİ BANKASI A.Ş.;510221;MASTER;TEbonus;credit;bonus;
195;32;TÜRK EKONOMİ BANKASI A.Ş.;512753;MASTER;TEbonus;credit;bonus;0
196;32;TÜRK EKONOMİ BANKASI A.Ş.;512803;MASTER;TEbonus;credit;bonus;0
197;32;TÜRK EKONOMİ BANKASI A.Ş.;519780;MASTER;TEBNSTK;credit;bonus;1
198;32;TÜRK EKONOMİ BANKASI A.Ş.;524346;MASTER;TEBNSTK;credit;bonus;1
199;32;TÜRK EKONOMİ BANKASI A.Ş.;524839;MASTER;TEbonus;credit;bonus;0
200;32;TÜRK EKONOMİ BANKASI A.Ş.;524840;MASTER;TEbonus;credit;bonus;0
201;32;TÜRK EKONOMİ BANKASI A.Ş.;525314;MASTER;YIKK;credit;;0
202;32;TÜRK EKONOMİ BANKASI A.Ş.;528825;MASTER;YIDK;debit;;0
203;32;TÜRK EKONOMİ BANKASI A.Ş.;528920;MASTER;TEbonus;credit;bonus;0
204;32;TÜRK EKONOMİ BANKASI A.Ş.;530853;MASTER;TEbonus;credit;bonus;0
205;32;TÜRK EKONOMİ BANKASI A.Ş.;531531;MASTER;TEbonus;credit;bonus;0
206;32;TÜRK EKONOMİ BANKASI A.Ş.;532581;MASTER;YIKK;credit;;0
207;32;TÜRK EKONOMİ BANKASI A.Ş.;534538;MASTER;TEbonus;credit;bonus;0
208;32;TÜRK EKONOMİ BANKASI A.Ş.;535217;MASTER;YIDK;debit;;0
209;32;TÜRK EKONOMİ BANKASI A.Ş.;542259;MASTER;YIKK;credit;;0
210;32;TÜRK EKONOMİ BANKASI A.Ş.;545124;MASTER;TEbonus;credit;bonus;0
211;32;TÜRK EKONOMİ BANKASI A.Ş.;545148;MASTER;YIKK;credit;;0
212;32;TÜRK EKONOMİ BANKASI A.Ş.;547985;MASTER;YIKK;credit;;1
213;32;TÜRK EKONOMİ BANKASI A.Ş.;549998;MASTER;YIKK;credit;;0
214;32;TÜRK EKONOMİ BANKASI A.Ş.;550449;MASTER;YIKK;credit;;0
215;32;TÜRK EKONOMİ BANKASI A.Ş.;552207;MASTER;YIKK;credit;;0
216;32;TÜRK EKONOMİ BANKASI A.Ş.;553090;MASTER;TEBNSTK;credit;bonus;1
217;32;TÜRK EKONOMİ BANKASI A.Ş.;606329;MASTER;YIVDK;debit;;0
218;32;TÜRK EKONOMİ BANKASI A.Ş.;676406;MASTER;YIDK;debit;;0
219;32;TÜRK EKONOMİ BANKASI A.Ş.;676578;MASTER;YIDK;debit;;0
220;32;TÜRK EKONOMİ BANKASI A.Ş.;977821;TROY;YITKK;credit;;0
221;32;TÜRK EKONOMİ BANKASI A.Ş.;979223;TROY;YITKK;credit;;0
222;32;TÜRK EKONOMİ BANKASI A.Ş.;979264;TROY;YITDK;debit;;0
223;46;AKBANK T.A.Ş.;413252;VISA;YIKK;credit;;
224;46;AKBANK T.A.Ş.;425669;VISA;YIKK;credit;;1
225;46;AKBANK T.A.Ş.;432071;VISA;YIKK;credit;;
226;46;AKBANK T.A.Ş.;432072;VISA;YIKK;credit;;
227;46;AKBANK T.A.Ş.;435508;VISA;YIKK;credit;;
228;46;AKBANK T.A.Ş.;435509;VISA;YIKK;credit;;0
229;46;AKBANK T.A.Ş.;474853;VISA;YIDK;debit;;0
230;46;AKBANK T.A.Ş.;474854;VISA;YIDK;debit;;0
231;46;AKBANK T.A.Ş.;479680;VISA;YIKK;credit;;0
232;46;AKBANK T.A.Ş.;479681;VISA;YIDK;debit;;0
233;46;AKBANK T.A.Ş.;493837;VISA;YIKK;credit;;0
234;46;AKBANK T.A.Ş.;512754;MASTER;YIKK;credit;;
235;46;AKBANK T.A.Ş.;516643;MASTER;YIDK;debit;;0
236;46;AKBANK T.A.Ş.;516840;MASTER;YIDK;debit;;0
237;46;AKBANK T.A.Ş.;516841;MASTER;YIDK;debit;;0
238;46;AKBANK T.A.Ş.;520932;MASTER;YIKK;credit;;0
239;46;AKBANK T.A.Ş.;521807;MASTER;YIKK;credit;;
240;46;AKBANK T.A.Ş.;521942;MASTER;YIDK;debit;;0
241;46;AKBANK T.A.Ş.;524347;MASTER;YIKK;credit;;
242;46;AKBANK T.A.Ş.;534253;MASTER;YIKK;credit;;0
243;46;AKBANK T.A.Ş.;535280;MASTER;YIDK;debit;;0
244;46;AKBANK T.A.Ş.;535449;MASTER;YIDK;debit;;0
245;46;AKBANK T.A.Ş.;550383;MASTER;YIKK;credit;;0
246;46;AKBANK T.A.Ş.;552608;MASTER;YIKK;credit;;1
247;46;AKBANK T.A.Ş.;552609;MASTER;YIKK;credit;;1
248;46;AKBANK T.A.Ş.;553056;MASTER;YIKK;credit;;1
249;46;AKBANK T.A.Ş.;557113;MASTER;YIKK;credit;;
250;46;AKBANK T.A.Ş.;557829;MASTER;YIKK;credit;;0
251;46;AKBANK T.A.Ş.;589004;MASTER;YIDK;debit;;0
252;46;AKBANK T.A.Ş.;979206;TROY;YITKK;credit;;0
253;46;AKBANK T.A.Ş.;979207;TROY;YITKK;credit;;1
254;46;AKBANK T.A.Ş.;979208;TROY;YITDK;debit;;0
255;59;ŞEKERBANK T.A.Ş.;113059;AMEX;YIAMEX;credit;;0
256;59;ŞEKERBANK T.A.Ş.;403836;VISA;YIKK;credit;;1
257;59;ŞEKERBANK T.A.Ş.;409622;VISA;YIKK;credit;;0
258;59;ŞEKERBANK T.A.Ş.;411156;VISA;SBbonus;credit;bonus;
259;59;ŞEKERBANK T.A.Ş.;411157;VISA;SBbonus;credit;bonus;
260;59;ŞEKERBANK T.A.Ş.;411158;VISA;SBbonus;credit;bonus;
261;59;ŞEKERBANK T.A.Ş.;411159;VISA;SBBNSTK;credit;bonus;1
262;59;ŞEKERBANK T.A.Ş.;411160;VISA;YIKK;credit;;0
263;59;ŞEKERBANK T.A.Ş.;421086;VISA;YIDK;debit;;0
264;59;ŞEKERBANK T.A.Ş.;423833;VISA;YIDK;debit;;
265;59;ŞEKERBANK T.A.Ş.;459068;VISA;YIDK;debit;;0
266;59;ŞEKERBANK T.A.Ş.;489401;VISA;YIVDK;debit;;0
267;59;ŞEKERBANK T.A.Ş.;494064;VISA;YIKK;credit;;
268;59;ŞEKERBANK T.A.Ş.;516846;MASTER;YIDK;debit;;0
269;59;ŞEKERBANK T.A.Ş.;519753;MASTER;YIKK;credit;;1
270;59;ŞEKERBANK T.A.Ş.;521394;MASTER;SBbonus;credit;bonus;
271;59;ŞEKERBANK T.A.Ş.;525404;MASTER;YIKK;credit;;
272;59;ŞEKERBANK T.A.Ş.;530866;MASTER;SBbonus;credit;bonus;
273;59;ŞEKERBANK T.A.Ş.;547311;MASTER;SBBNSTK;credit;bonus;1
274;59;ŞEKERBANK T.A.Ş.;549208;MASTER;SBbonus;credit;bonus;
275;59;ŞEKERBANK T.A.Ş.;549394;MASTER;YIKK;credit;;0
276;59;ŞEKERBANK T.A.Ş.;589713;MASTER;YIDK;debit;;
277;59;ŞEKERBANK T.A.Ş.;650175;TROY;SBbonus;credit;bonus;0
278;59;ŞEKERBANK T.A.Ş.;676832;MASTER;YIDK;debit;;
279;59;ŞEKERBANK T.A.Ş.;979211;TROY;YITDK;debit;;0
280;59;ŞEKERBANK T.A.Ş.;979268;TROY;YITDK;debit;;0
281;62;T. GARANTİ BANKASI A.Ş.;374421;AMEX;AMEXPL;credit;bonus;1
282;62;T. GARANTİ BANKASI A.Ş.;374422;AMEX;SMAXPLTN;credit;Mil;0
283;62;T. GARANTİ BANKASI A.Ş.;374423;AMEX;SFAXTK;credit;;1
284;62;T. GARANTİ BANKASI A.Ş.;374424;AMEX;SMAXPLTN;credit;Mil;0
285;62;T. GARANTİ BANKASI A.Ş.;374425;AMEX;AMXCGR;credit;MR;1
286;62;T. GARANTİ BANKASI A.Ş.;374426;AMEX;AMXCGL;credit;MR;1
287;62;T. GARANTİ BANKASI A.Ş.;374427;AMEX;BNSCMP;credit;bonus;0
288;62;T. GARANTİ BANKASI A.Ş.;374428;AMEX;SFAMEX;credit;;0
289;62;T. GARANTİ BANKASI A.Ş.;375622;AMEX;AMEXE;credit;MR;
290;62;T. GARANTİ BANKASI A.Ş.;375623;AMEX;AMEXG;credit;MR;
291;62;T. GARANTİ BANKASI A.Ş.;375624;AMEX;AMEXP;credit;MR;
292;62;T. GARANTİ BANKASI A.Ş.;375625;AMEX;AMXBE;credit;MR;1
293;62;T. GARANTİ BANKASI A.Ş.;375626;AMEX;AMXBG;credit;MR;1
294;62;T. GARANTİ BANKASI A.Ş.;375627;AMEX;AMEXM;credit;MR;0
295;62;T. GARANTİ BANKASI A.Ş.;375628;AMEX;SMAXGOLD;credit;Mil;0
296;62;T. GARANTİ BANKASI A.Ş.;375629;AMEX;SMAXPLTN;credit;Mil;0
297;62;T. GARANTİ BANKASI A.Ş.;375631;AMEX;AMEXB;credit;MR;0
298;62;T. GARANTİ BANKASI A.Ş.;377137;AMEX;MSAXTK;credit;Mil;1
299;62;T. GARANTİ BANKASI A.Ş.;377140;AMEX;BNSSANAL;credit;bonus;0
300;62;T. GARANTİ BANKASI A.Ş.;377141;AMEX;BNSSANAL;credit;MR;0
301;62;T. GARANTİ BANKASI A.Ş.;377142;AMEX;SM;credit;Mil;0
302;62;T. GARANTİ BANKASI A.Ş.;377143;AMEX;SM;credit;Mil;0
303;62;T. GARANTİ BANKASI A.Ş.;377596;AMEX;SFAXTK;credit;;1
304;62;T. GARANTİ BANKASI A.Ş.;377597;AMEX;SFAMEX;credit;;0
305;62;T. GARANTİ BANKASI A.Ş.;377598;AMEX;SFAMEX;credit;;0
306;62;T. GARANTİ BANKASI A.Ş.;377599;AMEX;SFAMEX;credit;;0
307;62;T. GARANTİ BANKASI A.Ş.;378332;AMEX;BNSSANAL;credit;bonus;0
308;62;T. GARANTİ BANKASI A.Ş.;379369;AMEX;HCEbonus;credit;bonus;0
309;62;T. GARANTİ BANKASI A.Ş.;379370;AMEX;HCESM;credit;Mil;0
310;62;T. GARANTİ BANKASI A.Ş.;379371;AMEX;HCEAMEX;credit;MR;0
311;62;T. GARANTİ BANKASI A.Ş.;401738;VISA;PARACARD;debit;bonus;0
312;62;T. GARANTİ BANKASI A.Ş.;403280;VISA;SANAL;credit;;1
313;62;T. GARANTİ BANKASI A.Ş.;403666;VISA;BNGCP;credit;bonus;1
314;62;T. GARANTİ BANKASI A.Ş.;404308;VISA;bonus;credit;bonus;
315;62;T. GARANTİ BANKASI A.Ş.;405051;VISA;PARACARD;debit;bonus;0
316;62;T. GARANTİ BANKASI A.Ş.;405090;VISA;PREPAID;debit;bonus;0
317;62;T. GARANTİ BANKASI A.Ş.;406665;VISA;SFTK;credit;;1
318;62;T. GARANTİ BANKASI A.Ş.;406666;VISA;SFTK;credit;;1
319;62;T. GARANTİ BANKASI A.Ş.;409219;VISA;PREPAID;debit;;0
320;62;T. GARANTİ BANKASI A.Ş.;410141;VISA;PARACARD;debit;bonus;0
321;62;T. GARANTİ BANKASI A.Ş.;413836;VISA;SM;credit;Mil;1
322;62;T. GARANTİ BANKASI A.Ş.;420556;VISA;PREPAID;debit;bonus;0
323;62;T. GARANTİ BANKASI A.Ş.;420557;VISA;PREPAID;debit;bonus;0
324;62;T. GARANTİ BANKASI A.Ş.;426886;VISA;bonus;credit;bonus;
325;62;T. GARANTİ BANKASI A.Ş.;426887;VISA;bonus;credit;bonus;
326;62;T. GARANTİ BANKASI A.Ş.;426888;VISA;bonus;credit;bonus;
327;62;T. GARANTİ BANKASI A.Ş.;426889;VISA;PARACARD;debit;bonus;0
328;62;T. GARANTİ BANKASI A.Ş.;427314;VISA;BNSTK;credit;bonus;1
329;62;T. GARANTİ BANKASI A.Ş.;427315;VISA;BNSTK;credit;bonus;1
330;62;T. GARANTİ BANKASI A.Ş.;428220;VISA;FLEXI;credit;bonus;0
331;62;T. GARANTİ BANKASI A.Ş.;428221;VISA;FLEXI;credit;bonus;0
332;62;T. GARANTİ BANKASI A.Ş.;432154;VISA;FLEXI;credit;;0
333;62;T. GARANTİ BANKASI A.Ş.;432951;VISA;SF;credit;;0
334;62;T. GARANTİ BANKASI A.Ş.;432952;VISA;SF;credit;;0
335;62;T. GARANTİ BANKASI A.Ş.;432953;VISA;SF;credit;;0
336;62;T. GARANTİ BANKASI A.Ş.;432954;VISA;SF;credit;;0
337;62;T. GARANTİ BANKASI A.Ş.;448472;VISA;BNGCP;credit;bonus;1
338;62;T. GARANTİ BANKASI A.Ş.;461668;VISA;SM;credit;Mil;
339;62;T. GARANTİ BANKASI A.Ş.;462274;VISA;EKINBNS;credit;bonus;1
340;62;T. GARANTİ BANKASI A.Ş.;467293;VISA;SM;credit;Mil;
341;62;T. GARANTİ BANKASI A.Ş.;467294;VISA;SM;credit;Mil;0
342;62;T. GARANTİ BANKASI A.Ş.;467295;VISA;SMTK;credit;Mil;1
343;62;T. GARANTİ BANKASI A.Ş.;474123;VISA;BNSTK;credit;;1
344;62;T. GARANTİ BANKASI A.Ş.;474151;VISA;SM;credit;Mil;
345;62;T. GARANTİ BANKASI A.Ş.;474213;VISA;BNSSANAL;credit;;1
346;62;T. GARANTİ BANKASI A.Ş.;474215;VISA;MONEYCLB;credit;bonus;0
347;62;T. GARANTİ BANKASI A.Ş.;474528;VISA;SMTK;credit;;0
348;62;T. GARANTİ BANKASI A.Ş.;479660;VISA;HCEbonus;credit;bonus;0
349;62;T. GARANTİ BANKASI A.Ş.;479661;VISA;HCEbonus;credit;bonus;0
350;62;T. GARANTİ BANKASI A.Ş.;479662;VISA;HCEPRCRD;debit;bonus;0
351;62;T. GARANTİ BANKASI A.Ş.;479682;VISA;TPARACRD;debit;bonus;0
352;62;T. GARANTİ BANKASI A.Ş.;482489;VISA;MGRBNS;credit;bonus;0
353;62;T. GARANTİ BANKASI A.Ş.;482490;VISA;MGRBNS;credit;bonus;0
354;62;T. GARANTİ BANKASI A.Ş.;482491;VISA;MGRBNS;credit;bonus;0
355;62;T. GARANTİ BANKASI A.Ş.;487074;VISA;bonus;credit;bonus;
356;62;T. GARANTİ BANKASI A.Ş.;487075;VISA;bonus;credit;bonus;
357;62;T. GARANTİ BANKASI A.Ş.;489455;VISA;PARACARD;debit;bonus;0
358;62;T. GARANTİ BANKASI A.Ş.;489478;VISA;bonus;credit;bonus;0
359;62;T. GARANTİ BANKASI A.Ş.;490175;VISA;GBKK;credit;;
360;62;T. GARANTİ BANKASI A.Ş.;492186;VISA;GBKK;credit;;
361;62;T. GARANTİ BANKASI A.Ş.;492187;VISA;GBKK;credit;;
362;62;T. GARANTİ BANKASI A.Ş.;492193;VISA;GBKK;credit;;0
363;62;T. GARANTİ BANKASI A.Ş.;493845;VISA;GBKK;credit;;
364;62;T. GARANTİ BANKASI A.Ş.;514915;MASTER;SM;credit;Mil;0
365;62;T. GARANTİ BANKASI A.Ş.;516943;MASTER;IGRPCARD;debit;bonus;0
366;62;T. GARANTİ BANKASI A.Ş.;516961;MASTER;PARACARD;debit;bonus;0
367;62;T. GARANTİ BANKASI A.Ş.;517040;MASTER;PARACARD;debit;bonus;0
368;62;T. GARANTİ BANKASI A.Ş.;517041;MASTER;debitSNL;debit;bonus;0
369;62;T. GARANTİ BANKASI A.Ş.;517042;MASTER;PREPAID;debit;bonus;0
370;62;T. GARANTİ BANKASI A.Ş.;517048;MASTER;PREPAID;debit;bonus;0
371;62;T. GARANTİ BANKASI A.Ş.;517049;MASTER;PREPAID;debit;bonus;0
372;62;T. GARANTİ BANKASI A.Ş.;520097;MASTER;bonus;credit;bonus;0
373;62;T. GARANTİ BANKASI A.Ş.;520922;MASTER;bonus;credit;bonus;0
374;62;T. GARANTİ BANKASI A.Ş.;520940;MASTER;bonus;credit;bonus;0
375;62;T. GARANTİ BANKASI A.Ş.;520988;MASTER;SM;credit;Mil;0
376;62;T. GARANTİ BANKASI A.Ş.;521824;MASTER;SM;credit;Mil;0
377;62;T. GARANTİ BANKASI A.Ş.;521825;MASTER;SM;credit;Mil;0
378;62;T. GARANTİ BANKASI A.Ş.;522204;MASTER;bonus;credit;bonus;0
379;62;T. GARANTİ BANKASI A.Ş.;524659;MASTER;IGRbonus;credit;bonus;0
380;62;T. GARANTİ BANKASI A.Ş.;526955;MASTER;BNSGENC;credit;bonus;0
381;62;T. GARANTİ BANKASI A.Ş.;528939;MASTER;SM;credit;Mil;
382;62;T. GARANTİ BANKASI A.Ş.;528956;MASTER;bonus;credit;bonus;0
383;62;T. GARANTİ BANKASI A.Ş.;533169;MASTER;SMTK;credit;Mil;1
384;62;T. GARANTİ BANKASI A.Ş.;534261;MASTER;BNSFLEXI;credit;bonus;0
385;62;T. GARANTİ BANKASI A.Ş.;535429;MASTER;HCEPRCRD;debit;bonus;0
386;62;T. GARANTİ BANKASI A.Ş.;535488;MASTER;TPARACRD;debit;bonus;0
387;62;T. GARANTİ BANKASI A.Ş.;536836;MASTER;bonus;credit;bonus;0
388;62;T. GARANTİ BANKASI A.Ş.;537829;MASTER;SF;credit;;0
389;62;T. GARANTİ BANKASI A.Ş.;538121;MASTER;SF;credit;;0
390;62;T. GARANTİ BANKASI A.Ş.;538124;MASTER;SFTK;credit;;1
391;62;T. GARANTİ BANKASI A.Ş.;538139;MASTER;SFTK;credit;;1
392;62;T. GARANTİ BANKASI A.Ş.;538196;MASTER;SF;credit;;0
393;62;T. GARANTİ BANKASI A.Ş.;540036;MASTER;GBKK;credit;bonus;
394;62;T. GARANTİ BANKASI A.Ş.;540037;MASTER;BNSTK;credit;bonus;1
395;62;T. GARANTİ BANKASI A.Ş.;540118;MASTER;bonus;credit;bonus;0
396;62;T. GARANTİ BANKASI A.Ş.;540669;MASTER;bonus;credit;bonus;
397;62;T. GARANTİ BANKASI A.Ş.;540709;MASTER;bonus;credit;bonus;0
398;62;T. GARANTİ BANKASI A.Ş.;541865;MASTER;FLEXI;credit;bonus;0
399;62;T. GARANTİ BANKASI A.Ş.;542030;MASTER;bonus;credit;;0
400;62;T. GARANTİ BANKASI A.Ş.;543738;MASTER;bonus;credit;bonus;0
401;62;T. GARANTİ BANKASI A.Ş.;544078;MASTER;BNSSANAL;credit;bonus;0
402;62;T. GARANTİ BANKASI A.Ş.;544294;MASTER;GBKK;credit;;
403;62;T. GARANTİ BANKASI A.Ş.;548935;MASTER;bonus;credit;bonus;0
404;62;T. GARANTİ BANKASI A.Ş.;549997;MASTER;SF;credit;;0
405;62;T. GARANTİ BANKASI A.Ş.;553130;MASTER;BNSTK;credit;bonus;1
406;62;T. GARANTİ BANKASI A.Ş.;554253;MASTER;HCEbonus;credit;bonus;0
407;62;T. GARANTİ BANKASI A.Ş.;554254;MASTER;HCESM;credit;Mil;0
408;62;T. GARANTİ BANKASI A.Ş.;554960;MASTER;bonus;credit;bonus;0
409;62;T. GARANTİ BANKASI A.Ş.;557023;MASTER;SANAL;credit;;0
410;62;T. GARANTİ BANKASI A.Ş.;558699;MASTER;BNSTK;credit;bonus;1
411;62;T. GARANTİ BANKASI A.Ş.;589318;MASTER;PARACARD;debit;bonus;0
412;62;T. GARANTİ BANKASI A.Ş.;600208;GARANTI;PREPAID;debit;bonus;0
413;62;T. GARANTİ BANKASI A.Ş.;622403;CUP;DRGBNS;credit;bonus;1
414;62;T. GARANTİ BANKASI A.Ş.;639516;GARANTI;PREPAID;debit;;0
415;62;T. GARANTİ BANKASI A.Ş.;670606;MASTER;PREPAID;debit;bonus;0
416;62;T. GARANTİ BANKASI A.Ş.;676255;MASTER;PARACARD;debit;bonus;0
417;62;T. GARANTİ BANKASI A.Ş.;676283;MASTER;PARACARD;debit;bonus;0
418;62;T. GARANTİ BANKASI A.Ş.;676651;MASTER;PARACARD;debit;bonus;0
419;62;T. GARANTİ BANKASI A.Ş.;676827;MASTER;PREPAID;debit;bonus;0
420;62;T. GARANTİ BANKASI A.Ş.;979205;TROY;BNSFLEXI;credit;bonus;0
421;62;T. GARANTİ BANKASI A.Ş.;979236;TROY;PARACARD;debit;bonus;0
422;64;T. İŞ BANKASI A.Ş.;113064;AMEX;YIAMEX;credit;;0
423;64;T. İŞ BANKASI A.Ş.;403998;VISA;YIDK;debit;;0
424;64;T. İŞ BANKASI A.Ş.;418342;VISA;YIKK;credit;;0
425;64;T. İŞ BANKASI A.Ş.;418343;VISA;YIKK;credit;;0
426;64;T. İŞ BANKASI A.Ş.;418344;VISA;YIKK;credit;;0
427;64;T. İŞ BANKASI A.Ş.;418345;VISA;YIKK;credit;;0
428;64;T. İŞ BANKASI A.Ş.;441075;VISA;YIVDK;debit;;0
429;64;T. İŞ BANKASI A.Ş.;441076;VISA;YIVDK;debit;;0
430;64;T. İŞ BANKASI A.Ş.;441077;VISA;YIVDK;debit;;0
431;64;T. İŞ BANKASI A.Ş.;450803;VISA;YIKK;credit;;1
432;64;T. İŞ BANKASI A.Ş.;454314;VISA;YIDK;debit;;0
433;64;T. İŞ BANKASI A.Ş.;454318;VISA;YIKK;credit;;0
434;64;T. İŞ BANKASI A.Ş.;454358;VISA;YIKK;credit;;0
435;64;T. İŞ BANKASI A.Ş.;454359;VISA;YIKK;credit;;0
436;64;T. İŞ BANKASI A.Ş.;454360;VISA;YIKK;credit;;0
437;64;T. İŞ BANKASI A.Ş.;460925;VISA;YIDK;debit;;0
438;64;T. İŞ BANKASI A.Ş.;479610;VISA;YIKK;credit;;0
439;64;T. İŞ BANKASI A.Ş.;483602;VISA;YIVDK;debit;;0
440;64;T. İŞ BANKASI A.Ş.;510152;MASTER;YIKK;credit;;0
441;64;T. İŞ BANKASI A.Ş.;525382;MASTER;YIKK;credit;;0
442;64;T. İŞ BANKASI A.Ş.;533803;MASTER;YIKK;credit;;0
443;64;T. İŞ BANKASI A.Ş.;534653;MASTER;YIKK;credit;;0
444;64;T. İŞ BANKASI A.Ş.;535279;MASTER;YIDK;debit;;0
445;64;T. İŞ BANKASI A.Ş.;535514;MASTER;YIDK;debit;;0
446;64;T. İŞ BANKASI A.Ş.;537475;MASTER;YIDK;debit;;0
447;64;T. İŞ BANKASI A.Ş.;537548;MASTER;YIDK;debit;;0
448;64;T. İŞ BANKASI A.Ş.;537567;MASTER;YIDK;debit;;0
449;64;T. İŞ BANKASI A.Ş.;540667;MASTER;YIKK;credit;;0
450;64;T. İŞ BANKASI A.Ş.;540668;MASTER;YIKK;credit;;0
451;64;T. İŞ BANKASI A.Ş.;543771;MASTER;YIKK;credit;;0
452;64;T. İŞ BANKASI A.Ş.;545254;MASTER;YIKK;credit;;0
453;64;T. İŞ BANKASI A.Ş.;548237;MASTER;YIKK;credit;;0
454;64;T. İŞ BANKASI A.Ş.;552096;MASTER;YIKK;credit;;0
455;64;T. İŞ BANKASI A.Ş.;553058;MASTER;YIKK;credit;;1
456;64;T. İŞ BANKASI A.Ş.;589283;MASTER;YIDK;debit;;0
457;64;T. İŞ BANKASI A.Ş.;650082;TROY;YITDK;debit;;0
458;64;T. İŞ BANKASI A.Ş.;650092;TROY;YITDK;debit;;0
459;64;T. İŞ BANKASI A.Ş.;650173;TROY;YITKK;credit;;0
460;64;T. İŞ BANKASI A.Ş.;650987;TROY;YITKK;credit;;1
461;64;T. İŞ BANKASI A.Ş.;979204;TROY;YITKK;credit;;0
462;64;T. İŞ BANKASI A.Ş.;979233;TROY;YITDK;debit;;0
463;67;YAPI VE KREDİ BANKASI A.Ş.;401622;VISA;YIDK;debit;;
464;67;YAPI VE KREDİ BANKASI A.Ş.;404809;VISA;YIKK;credit;;
465;67;YAPI VE KREDİ BANKASI A.Ş.;406281;VISA;YIDK;debit;;0
466;67;YAPI VE KREDİ BANKASI A.Ş.;413382;VISA;YIDK;debit;;0
467;67;YAPI VE KREDİ BANKASI A.Ş.;414392;VISA;YIDK;debit;;0
468;67;YAPI VE KREDİ BANKASI A.Ş.;420342;VISA;YIDK;debit;;0
469;67;YAPI VE KREDİ BANKASI A.Ş.;420343;VISA;YIDK;debit;;0
470;67;YAPI VE KREDİ BANKASI A.Ş.;434728;VISA;YIKK;credit;;0
471;67;YAPI VE KREDİ BANKASI A.Ş.;434742;VISA;YIKK;credit;;0
472;67;YAPI VE KREDİ BANKASI A.Ş.;442106;VISA;YIDK;debit;;0
473;67;YAPI VE KREDİ BANKASI A.Ş.;446212;VISA;YIKK;credit;;
474;67;YAPI VE KREDİ BANKASI A.Ş.;450634;VISA;YIKK;credit;;0
475;67;YAPI VE KREDİ BANKASI A.Ş.;455359;VISA;YIKK;credit;;1
476;67;YAPI VE KREDİ BANKASI A.Ş.;477959;VISA;YIKK;credit;;0
477;67;YAPI VE KREDİ BANKASI A.Ş.;479612;VISA;YIDK;debit;;0
478;67;YAPI VE KREDİ BANKASI A.Ş.;479620;VISA;YIKK;credit;;0
479;67;YAPI VE KREDİ BANKASI A.Ş.;479794;VISA;YIKK;credit;;
480;67;YAPI VE KREDİ BANKASI A.Ş.;479795;VISA;YIKK;credit;;
481;67;YAPI VE KREDİ BANKASI A.Ş.;490983;VISA;YIDK;debit;;0
482;67;YAPI VE KREDİ BANKASI A.Ş.;491205;VISA;YIKK;credit;;
483;67;YAPI VE KREDİ BANKASI A.Ş.;491206;VISA;YIKK;credit;;
484;67;YAPI VE KREDİ BANKASI A.Ş.;492128;VISA;YIKK;credit;;
485;67;YAPI VE KREDİ BANKASI A.Ş.;492130;VISA;YIKK;credit;;0
486;67;YAPI VE KREDİ BANKASI A.Ş.;492131;VISA;YIKK;credit;;
487;67;YAPI VE KREDİ BANKASI A.Ş.;494314;VISA;YIDK;debit;;0
488;67;YAPI VE KREDİ BANKASI A.Ş.;524627;MASTER;YIDK;debit;;0
489;67;YAPI VE KREDİ BANKASI A.Ş.;525864;MASTER;YIKK;credit;;0
490;67;YAPI VE KREDİ BANKASI A.Ş.;533913;MASTER;YIKK;credit;;0
491;67;YAPI VE KREDİ BANKASI A.Ş.;535435;MASTER;YIDK;debit;;0
492;67;YAPI VE KREDİ BANKASI A.Ş.;535601;MASTER;YIDK;debit;;0
493;67;YAPI VE KREDİ BANKASI A.Ş.;535602;MASTER;YIDK;debit;;0
494;67;YAPI VE KREDİ BANKASI A.Ş.;537518;MASTER;YIDK;debit;;0
495;67;YAPI VE KREDİ BANKASI A.Ş.;537833;MASTER;YIDK;debit;;0
496;67;YAPI VE KREDİ BANKASI A.Ş.;540061;MASTER;YIKK;credit;;
497;67;YAPI VE KREDİ BANKASI A.Ş.;540062;MASTER;YIKK;credit;;
498;67;YAPI VE KREDİ BANKASI A.Ş.;540063;MASTER;YIKK;credit;;
499;67;YAPI VE KREDİ BANKASI A.Ş.;540122;MASTER;YIKK;credit;;
500;67;YAPI VE KREDİ BANKASI A.Ş.;540129;MASTER;YIKK;credit;;
501;67;YAPI VE KREDİ BANKASI A.Ş.;542117;MASTER;YIKK;credit;;
502;67;YAPI VE KREDİ BANKASI A.Ş.;545103;MASTER;YIKK;credit;;
503;67;YAPI VE KREDİ BANKASI A.Ş.;549624;MASTER;YIKK;credit;;0
504;67;YAPI VE KREDİ BANKASI A.Ş.;552645;MASTER;YIKK;credit;;1
505;67;YAPI VE KREDİ BANKASI A.Ş.;552659;MASTER;YIKK;credit;;1
506;67;YAPI VE KREDİ BANKASI A.Ş.;554422;MASTER;YIKK;credit;;0
507;67;YAPI VE KREDİ BANKASI A.Ş.;603797;MASTER;YIDK;debit;;0
508;67;YAPI VE KREDİ BANKASI A.Ş.;639004;MASTER;YIDK;debit;;
509;67;YAPI VE KREDİ BANKASI A.Ş.;650161;TROY;YITKK;credit;;0
510;67;YAPI VE KREDİ BANKASI A.Ş.;657366;TROY;YITDK;debit;;0
511;67;YAPI VE KREDİ BANKASI A.Ş.;657998;TROY;YITDK;debit;;1
512;67;YAPI VE KREDİ BANKASI A.Ş.;676166;MASTER;YIDK;debit;;0
513;67;YAPI VE KREDİ BANKASI A.Ş.;979215;TROY;YITDK;debit;;0
514;67;YAPI VE KREDİ BANKASI A.Ş.;979241;TROY;YITDK;debit;;0
515;67;YAPI VE KREDİ BANKASI A.Ş.;979263;TROY;YITKK;credit;;0
516;92;CITIBANK N.A. TÜRKİYE;437897;VISA;YIKK;credit;;1
517;92;CITIBANK N.A. TÜRKİYE;471509;VISA;YIKK;credit;;1
518;92;CITIBANK N.A. TÜRKİYE;553493;MASTER;YIKK;credit;;1
519;92;CITIBANK N.A. TÜRKİYE;555087;MASTER;YIKK;credit;;1
520;96;TURKISHBANK A.Ş.;419389;VISA;YIKK;credit;;0
521;96;TURKISHBANK A.Ş.;518599;MASTER;YIKK;credit;;
522;96;TURKISHBANK A.Ş.;529939;MASTER;YIKK;credit;;
523;96;TURKISHBANK A.Ş.;552098;MASTER;YIKK;credit;;
524;96;TURKISHBANK A.Ş.;589288;MASTER;YIDK;debit;;0
525;96;TURKISHBANK A.Ş.;677522;MASTER;YIDK;debit;;0
526;99;ING BANK A.Ş.;400684;VISA;INGbonus;credit;bonus;0
527;99;ING BANK A.Ş.;408579;VISA;INGbonus;credit;bonus;
528;99;ING BANK A.Ş.;408581;VISA;YIDK;debit;;0
529;99;ING BANK A.Ş.;414070;VISA;YIKK;credit;;
530;99;ING BANK A.Ş.;420322;VISA;INGbonus;credit;bonus;
531;99;ING BANK A.Ş.;420323;VISA;INGbonus;credit;bonus;
532;99;ING BANK A.Ş.;420324;VISA;INGbonus;credit;bonus;
533;99;ING BANK A.Ş.;423091;VISA;YIDK;debit;;0
534;99;ING BANK A.Ş.;455571;VISA;YIKK;credit;;
535;99;ING BANK A.Ş.;474823;VISA;YIDK;debit;;0
536;99;ING BANK A.Ş.;479632;VISA;YIDK;debit;;0
537;99;ING BANK A.Ş.;479633;VISA;YIDK;debit;;0
538;99;ING BANK A.Ş.;480296;VISA;INGBNSTK;credit;bonus;1
539;99;ING BANK A.Ş.;490805;VISA;YIKK;credit;;
540;99;ING BANK A.Ş.;490806;VISA;YIKK;credit;;
541;99;ING BANK A.Ş.;490807;VISA;YIKK;credit;;1
542;99;ING BANK A.Ş.;490808;VISA;YIDK;debit;;0
543;99;ING BANK A.Ş.;510151;MASTER;INGbonus;credit;bonus;0
544;99;ING BANK A.Ş.;514140;MASTER;INGPGS;credit;bonus;0
545;99;ING BANK A.Ş.;515895;MASTER;YIDK;debit;;0
546;99;ING BANK A.Ş.;517946;MASTER;INGbonus;credit;bonus;0
547;99;ING BANK A.Ş.;526973;MASTER;INGPGS;credit;bonus;0
548;99;ING BANK A.Ş.;526975;MASTER;INGPGS;credit;bonus;0
549;99;ING BANK A.Ş.;531401;MASTER;INGPGS;credit;bonus;0
550;99;ING BANK A.Ş.;532443;MASTER;INGbonus;credit;bonus;
551;99;ING BANK A.Ş.;535137;MASTER;YIDK;debit;;0
552;99;ING BANK A.Ş.;535270;MASTER;YIDK;debit;;0
553;99;ING BANK A.Ş.;540024;MASTER;YIKK;credit;;
554;99;ING BANK A.Ş.;540025;MASTER;YIKK;credit;;1
555;99;ING BANK A.Ş.;542029;MASTER;YIKK;credit;;
556;99;ING BANK A.Ş.;542605;MASTER;YIKK;credit;;
557;99;ING BANK A.Ş.;542965;MASTER;INGbonus;credit;bonus;
558;99;ING BANK A.Ş.;542967;MASTER;INGbonus;credit;bonus;
559;99;ING BANK A.Ş.;547765;MASTER;INGBNSTK;credit;bonus;1
560;99;ING BANK A.Ş.;548819;MASTER;YIKK;credit;;
561;99;ING BANK A.Ş.;550074;MASTER;INGbonus;credit;bonus;0
562;99;ING BANK A.Ş.;550478;MASTER;YIKK;credit;;0
563;99;ING BANK A.Ş.;554297;MASTER;YIKK;credit;;
564;99;ING BANK A.Ş.;554570;MASTER;INGbonus;credit;bonus;
565;99;ING BANK A.Ş.;603322;MASTER;YIDK;debit;;
566;99;ING BANK A.Ş.;676366;MASTER;YIDK;debit;;0
567;99;ING BANK A.Ş.;676402;MASTER;YIDK;debit;;
568;99;ING BANK A.Ş.;979224;TROY;YITKK;credit;;0
569;99;ING BANK A.Ş.;979242;TROY;YITDK;debit;;0
570;103;FIBABANKA;423495;VISA;YIKK;credit;;0
571;103;FIBABANKA;434909;VISA;YIDK;debit;;0
572;103;FIBABANKA;468973;VISA;YIKK;credit;;0
573;103;FIBABANKA;517601;MASTER;YIKK;credit;;0
574;103;FIBABANKA;522075;MASTER;FIBbonus;credit;bonus;0
575;103;FIBABANKA;522566;MASTER;FIBbonus;credit;bonus;0
576;103;FIBABANKA;522576;MASTER;YIKK;credit;;0
577;103;FIBABANKA;527765;MASTER;FIBbonus;credit;bonus;0
578;103;FIBABANKA;543624;MASTER;YIKK;credit;;0
579;103;FIBABANKA;559056;MASTER;FIBBNSTK;credit;bonus;1
580;103;FIBABANKA;603343;MASTER;YIDK;debit;;
581;103;FIBABANKA;671217;MASTER;YIDK;debit;;0
582;103;FIBABANKA;979225;TROY;YITKK;credit;;0
583;108;TURKLAND BANK;603005;MASTER;YIDK;debit;;
584;108;TURKLAND BANK;676429;MASTER;YIDK;debit;;
585;108;TURKLAND BANK;979231;TROY;YITKK;credit;;0
586;109;TEKSTİLBANK A.Ş.;413729;VISA;TKSbonus;credit;bonus;0
587;109;TEKSTİLBANK A.Ş.;413972;VISA;TKSbonus;credit;bonus;0
588;109;TEKSTİLBANK A.Ş.;445988;VISA;YIDK;debit;;
589;109;TEKSTİLBANK A.Ş.;456057;VISA;TKSbonus;credit;bonus;0
590;109;TEKSTİLBANK A.Ş.;456059;VISA;TKSbonus;credit;bonus;0
591;109;TEKSTİLBANK A.Ş.;514025;MASTER;TKSbonus;credit;bonus;0
592;109;TEKSTİLBANK A.Ş.;521875;MASTER;TKSbonus;credit;bonus;0
593;109;TEKSTİLBANK A.Ş.;527080;MASTER;TKSKART;credit;bonus;0
594;109;TEKSTİLBANK A.Ş.;545769;MASTER;TKSbonus;credit;bonus;0
595;109;TEKSTİLBANK A.Ş.;545770;MASTER;TKSbonus;credit;bonus;0
596;109;TEKSTİLBANK A.Ş.;558634;MASTER;TKSBNSTK;credit;bonus;1
597;109;TEKSTİLBANK A.Ş.;589416;MASTER;YIDK;debit;;
598;109;TEKSTİLBANK A.Ş.;979239;TROY;YITKK;credit;;0
599;111;FİNANSBANK A.Ş.;401072;VISA;YIKK;credit;;0
600;111;FİNANSBANK A.Ş.;402277;VISA;YIKK;credit;;0
601;111;FİNANSBANK A.Ş.;402278;VISA;YIKK;credit;;0
602;111;FİNANSBANK A.Ş.;402563;VISA;YIKK;credit;;0
603;111;FİNANSBANK A.Ş.;403082;VISA;YIKK;credit;;1
604;111;FİNANSBANK A.Ş.;406386;VISA;YIDK;debit;;0
605;111;FİNANSBANK A.Ş.;409364;VISA;YIKK;credit;;
606;111;FİNANSBANK A.Ş.;410147;VISA;YIKK;credit;;0
607;111;FİNANSBANK A.Ş.;413583;VISA;YIKK;credit;;0
608;111;FİNANSBANK A.Ş.;414388;VISA;YIKK;credit;;0
609;111;FİNANSBANK A.Ş.;415565;VISA;YIKK;credit;;0
610;111;FİNANSBANK A.Ş.;415956;VISA;YIDK;debit;;0
611;111;FİNANSBANK A.Ş.;420092;VISA;YIDK;debit;;0
612;111;FİNANSBANK A.Ş.;422376;VISA;YIKK;credit;;0
613;111;FİNANSBANK A.Ş.;423277;VISA;YIKK;credit;;
614;111;FİNANSBANK A.Ş.;423398;VISA;YIKK;credit;;0
615;111;FİNANSBANK A.Ş.;427311;VISA;YIKK;credit;;1
616;111;FİNANSBANK A.Ş.;431379;VISA;YIDK;debit;;0
617;111;FİNANSBANK A.Ş.;435653;VISA;YIKK;credit;;0
618;111;FİNANSBANK A.Ş.;441007;VISA;YIKK;credit;;0
619;111;FİNANSBANK A.Ş.;442395;VISA;YIKK;credit;;0
620;111;FİNANSBANK A.Ş.;444029;VISA;YIKK;credit;;0
621;111;FİNANSBANK A.Ş.;459333;VISA;YIDK;debit;;0
622;111;FİNANSBANK A.Ş.;479679;VISA;YIDK;debit;;0
623;111;FİNANSBANK A.Ş.;498749;VISA;YIDK;debit;;0
624;111;FİNANSBANK A.Ş.;499850;VISA;YIVKK;credit;;0
625;111;FİNANSBANK A.Ş.;499851;VISA;YIKK;credit;;0
626;111;FİNANSBANK A.Ş.;499852;VISA;YIKK;credit;;0
627;111;FİNANSBANK A.Ş.;499853;VISA;YIDK;debit;;0
628;111;FİNANSBANK A.Ş.;516835;MASTER;YIDK;debit;;0
629;111;FİNANSBANK A.Ş.;516843;MASTER;YIDK;debit;;0
630;111;FİNANSBANK A.Ş.;519324;MASTER;YIKK;credit;;0
631;111;FİNANSBANK A.Ş.;521022;MASTER;YIKK;credit;;
632;111;FİNANSBANK A.Ş.;521836;MASTER;YIKK;credit;;
633;111;FİNANSBANK A.Ş.;526911;MASTER;YIKK;credit;;0
634;111;FİNANSBANK A.Ş.;529572;MASTER;YIKK;credit;;0
635;111;FİNANSBANK A.Ş.;530818;MASTER;YIKK;credit;;0
636;111;FİNANSBANK A.Ş.;531157;MASTER;YIKK;credit;;0
637;111;FİNANSBANK A.Ş.;535177;MASTER;YIDK;debit;;0
638;111;FİNANSBANK A.Ş.;537058;MASTER;YIKK;credit;;0
639;111;FİNANSBANK A.Ş.;539957;MASTER;YIKK;credit;;0
640;111;FİNANSBANK A.Ş.;542404;MASTER;YIKK;credit;;1
641;111;FİNANSBANK A.Ş.;545120;MASTER;YIKK;credit;;
642;111;FİNANSBANK A.Ş.;545616;MASTER;YIKK;credit;;0
643;111;FİNANSBANK A.Ş.;545847;MASTER;YIKK;credit;;0
644;111;FİNANSBANK A.Ş.;547567;MASTER;YIKK;credit;;1
645;111;FİNANSBANK A.Ş.;547800;MASTER;YIKK;credit;;1
646;111;FİNANSBANK A.Ş.;559096;MASTER;YIKK;credit;;1
647;111;FİNANSBANK A.Ş.;601050;MASTER;YIDK;debit;;
648;111;FİNANSBANK A.Ş.;677238;MASTER;YIDK;debit;;0
649;111;FİNANSBANK A.Ş.;979202;TROY;YITDK;debit;;0
650;111;FİNANSBANK A.Ş.;979203;TROY;YITKK;credit;;0
651;123;HSBC BANK A.Ş.;405903;VISA;YIDK;debit;;0
652;123;HSBC BANK A.Ş.;405913;VISA;YIKK;credit;;1
653;123;HSBC BANK A.Ş.;405917;VISA;YIKK;credit;;
654;123;HSBC BANK A.Ş.;405918;VISA;YIKK;credit;;
655;123;HSBC BANK A.Ş.;405919;VISA;YIDK;debit;;0
656;123;HSBC BANK A.Ş.;408969;VISA;YIKK;credit;;0
657;123;HSBC BANK A.Ş.;409071;VISA;YIKK;credit;;
658;123;HSBC BANK A.Ş.;422629;VISA;YIKK;credit;;
659;123;HSBC BANK A.Ş.;424909;VISA;YIKK;credit;;
660;123;HSBC BANK A.Ş.;428240;VISA;YIKK;credit;;
661;123;HSBC BANK A.Ş.;496019;VISA;YIKK;credit;;
662;123;HSBC BANK A.Ş.;510005;MASTER;YIKK;credit;;
663;123;HSBC BANK A.Ş.;512651;MASTER;YIKK;credit;;
664;123;HSBC BANK A.Ş.;519399;MASTER;YIKK;credit;;
665;123;HSBC BANK A.Ş.;525413;MASTER;YIKK;credit;;
666;123;HSBC BANK A.Ş.;525795;MASTER;YIKK;credit;;
667;123;HSBC BANK A.Ş.;540643;MASTER;YIKK;credit;;
668;123;HSBC BANK A.Ş.;542254;MASTER;YIKK;credit;;
669;123;HSBC BANK A.Ş.;545183;MASTER;YIKK;credit;;0
670;123;HSBC BANK A.Ş.;550472;MASTER;YIKK;credit;;
671;123;HSBC BANK A.Ş.;550473;MASTER;YIKK;credit;;0
672;123;HSBC BANK A.Ş.;552143;MASTER;YIKK;credit;;
673;123;HSBC BANK A.Ş.;556030;MASTER;YIKK;credit;;1
674;123;HSBC BANK A.Ş.;556031;MASTER;YIKK;credit;;1
675;123;HSBC BANK A.Ş.;556033;MASTER;YIKK;credit;;1
676;123;HSBC BANK A.Ş.;556034;MASTER;YIKK;credit;;1
677;123;HSBC BANK A.Ş.;556665;MASTER;YIKK;credit;;1
678;123;HSBC BANK A.Ş.;676401;MASTER;YIDK;debit;;
679;123;HSBC BANK A.Ş.;677193;MASTER;YIDK;debit;;0
680;123;HSBC BANK A.Ş.;979214;TROY;YITKK;credit;;0
681;124;ALTERNATİF BANK A.Ş.;361234;TROY;YITKK;credit;;1
682;124;ALTERNATİF BANK A.Ş.;365770;TROY;YITKK;credit;;1
683;124;ALTERNATİF BANK A.Ş.;365771;TROY;YITKK;credit;;0
684;124;ALTERNATİF BANK A.Ş.;365772;TROY;YITKK;credit;;0
685;124;ALTERNATİF BANK A.Ş.;365773;TROY;YITKK;credit;;0
686;124;ALTERNATİF BANK A.Ş.;416394;VISA;YIKK;credit;;0
687;124;ALTERNATİF BANK A.Ş.;466280;VISA;ALTNFBNS;credit;bonus;0
688;124;ALTERNATİF BANK A.Ş.;466282;VISA;ALTNFBNS;credit;bonus;0
689;124;ALTERNATİF BANK A.Ş.;466283;VISA;ALTBNSTK;credit;bonus;1
690;124;ALTERNATİF BANK A.Ş.;466284;VISA;YIDK;debit;;0
691;124;ALTERNATİF BANK A.Ş.;512618;MASTER;ALTNFBNS;credit;bonus;0
692;124;ALTERNATİF BANK A.Ş.;516308;MASTER;ALTNFKRT;credit;bonus;0
693;124;ALTERNATİF BANK A.Ş.;516458;MASTER;ALTNFBNS;credit;bonus;0
694;124;ALTERNATİF BANK A.Ş.;522221;MASTER;ALTNFBNS;credit;bonus;0
695;124;ALTERNATİF BANK A.Ş.;544836;MASTER;ALTNFBNS;credit;bonus;0
696;124;ALTERNATİF BANK A.Ş.;558485;MASTER;YIKK;credit;;1
697;124;ALTERNATİF BANK A.Ş.;654997;TROY;YITKK;credit;;1
698;124;ALTERNATİF BANK A.Ş.;670670;MASTER;YIDK;debit;;0
699;124;ALTERNATİF BANK A.Ş.;979228;TROY;YITKK;credit;;0
700;125;BURGAN BANK A.Ş.;414941;VISA;YIDK;debit;;0
701;125;BURGAN BANK A.Ş.;491373;VISA;YIKK;credit;;0
702;125;BURGAN BANK A.Ş.;543943;MASTER;YIKK;credit;;0
703;125;BURGAN BANK A.Ş.;545863;MASTER;YIKK;credit;;0
704;134;DENİZ BANK A.Ş.;10134;MASTER;YIKK;credit;;0
705;134;DENİZ BANK A.Ş.;20134;MASTER;YIKK;credit;;0
706;134;DENİZ BANK A.Ş.;30134;MASTER;YIKK;credit;;0
707;134;DENİZ BANK A.Ş.;113134;AMEX;YIAMEX;credit;;0
708;134;DENİZ BANK A.Ş.;403134;VISA;YIKK;credit;;1
709;134;DENİZ BANK A.Ş.;404990;VISA;YIDK;debit;;0
710;134;DENİZ BANK A.Ş.;408625;VISA;YIKK;credit;;
711;134;DENİZ BANK A.Ş.;409070;VISA;DNZbonus;credit;bonus;0
712;134;DENİZ BANK A.Ş.;424360;VISA;DNZbonus;credit;bonus;0
713;134;DENİZ BANK A.Ş.;424361;VISA;DNZbonus;credit;bonus;0
714;134;DENİZ BANK A.Ş.;460345;VISA;YIKK;credit;;
715;134;DENİZ BANK A.Ş.;460346;VISA;YIDK;debit;;0
716;134;DENİZ BANK A.Ş.;460347;VISA;YIKK;credit;;
717;134;DENİZ BANK A.Ş.;472914;VISA;DNZbonus;credit;bonus;0
718;134;DENİZ BANK A.Ş.;472915;VISA;DNZKART;credit;bonus;0
719;134;DENİZ BANK A.Ş.;476662;VISA;YIKK;credit;;0
720;134;DENİZ BANK A.Ş.;489456;VISA;DNZbonus;credit;bonus;0
721;134;DENİZ BANK A.Ş.;489458;VISA;DNZbonus;credit;bonus;0
722;134;DENİZ BANK A.Ş.;508129;MASTER;YIDK;debit;;0
723;134;DENİZ BANK A.Ş.;510063;MASTER;YIKK;credit;;
724;134;DENİZ BANK A.Ş.;510118;MASTER;DNZBNSTK;credit;bonus;1
725;134;DENİZ BANK A.Ş.;510119;MASTER;YIKK;credit;;1
726;134;DENİZ BANK A.Ş.;512017;MASTER;DNZbonus;credit;bonus;0
727;134;DENİZ BANK A.Ş.;512117;MASTER;DNZbonus;credit;bonus;0
728;134;DENİZ BANK A.Ş.;514924;MASTER;DNZbonus;credit;bonus;0
729;134;DENİZ BANK A.Ş.;515865;MASTER;YIKK;credit;;
730;134;DENİZ BANK A.Ş.;516731;MASTER;YIDK;debit;;0
731;134;DENİZ BANK A.Ş.;516740;MASTER;BNSNTDB;debit;bonus;0
732;134;DENİZ BANK A.Ş.;516914;MASTER;YIDK;debit;;0
733;134;DENİZ BANK A.Ş.;517047;MASTER;YIDK;debit;;0
734;134;DENİZ BANK A.Ş.;520019;MASTER;DNZbonus;credit;bonus;0
735;134;DENİZ BANK A.Ş.;520303;MASTER;DNZbonus;credit;bonus;0
736;134;DENİZ BANK A.Ş.;520909;MASTER;YIKK;credit;;
737;134;DENİZ BANK A.Ş.;523515;MASTER;YIKK;credit;;0
738;134;DENİZ BANK A.Ş.;529545;MASTER;YIDK;debit;;0
739;134;DENİZ BANK A.Ş.;529876;MASTER;DNZbonus;credit;bonus;0
740;134;DENİZ BANK A.Ş.;533293;MASTER;YIDK;debit;;0
741;134;DENİZ BANK A.Ş.;533330;MASTER;DNZbonus;credit;bonus;0
742;134;DENİZ BANK A.Ş.;543358;MASTER;YIKK;credit;;
743;134;DENİZ BANK A.Ş.;543427;MASTER;DNZKART;credit;bonus;0
744;134;DENİZ BANK A.Ş.;546764;MASTER;YIKK;credit;;0
745;134;DENİZ BANK A.Ş.;549839;MASTER;DNZbonus;credit;bonus;0
746;134;DENİZ BANK A.Ş.;552679;MASTER;YIKK;credit;;1
747;134;DENİZ BANK A.Ş.;558443;MASTER;YIKK;credit;;1
748;134;DENİZ BANK A.Ş.;558446;MASTER;YIKK;credit;;1
749;134;DENİZ BANK A.Ş.;558448;MASTER;YIKK;credit;;1
750;134;DENİZ BANK A.Ş.;558460;MASTER;DNZBNSTZ;credit;bonus;1
751;134;DENİZ BANK A.Ş.;558514;MASTER;YIKK;credit;;1
752;134;DENİZ BANK A.Ş.;601912;MASTER;YIDK;debit;;0
753;134;DENİZ BANK A.Ş.;670610;MASTER;YIDK;debit;;0
754;134;DENİZ BANK A.Ş.;670640;MASTER;YIKK;credit;;0
755;134;DENİZ BANK A.Ş.;979220;TROY;YITKK;credit;;0
756;134;DENİZ BANK A.Ş.;979237;TROY;YITKK;credit;;0
757;134;DENİZ BANK A.Ş.;979243;TROY;YITKK;credit;;0
758;135;ANADOLU BANK A.Ş.;425846;VISA;YIKK;credit;world;
759;135;ANADOLU BANK A.Ş.;425847;VISA;YIKK;credit;world;
760;135;ANADOLU BANK A.Ş.;425848;VISA;YIKK;credit;world;1
761;135;ANADOLU BANK A.Ş.;425849;VISA;YIDK;debit;;0
762;135;ANADOLU BANK A.Ş.;441341;VISA;YIKK;credit;world;0
763;135;ANADOLU BANK A.Ş.;522240;MASTER;YIKK;credit;world;
764;135;ANADOLU BANK A.Ş.;522241;MASTER;YIKK;credit;world;
765;135;ANADOLU BANK A.Ş.;535881;MASTER;YIKK;credit;;0
766;135;ANADOLU BANK A.Ş.;554301;MASTER;YIKK;credit;world;
767;135;ANADOLU BANK A.Ş.;558593;MASTER;YIKK;credit;world;1
768;135;ANADOLU BANK A.Ş.;603072;MASTER;YIDK;debit;;0
769;135;ANADOLU BANK A.Ş.;676460;MASTER;YIDK;debit;;
770;135;ANADOLU BANK A.Ş.;979240;TROY;YITDK;debit;;0
771;143;AKTİF YATIRIM BANKASI;453144;VISA;YIKK;credit;;0
772;143;AKTİF YATIRIM BANKASI;453145;VISA;YIKK;credit;;0
773;143;AKTİF YATIRIM BANKASI;453146;VISA;YIKK;credit;;0
774;143;AKTİF YATIRIM BANKASI;453147;VISA;YIDK;debit;;0
775;143;AKTİF YATIRIM BANKASI;453148;VISA;YIDK;debit;;0
776;143;AKTİF YATIRIM BANKASI;453149;VISA;YIDK;debit;;0
777;143;AKTİF YATIRIM BANKASI;504166;MASTER;YIDK;debit;;0
778;143;AKTİF YATIRIM BANKASI;515456;MASTER;YIKK;credit;;0
779;143;AKTİF YATIRIM BANKASI;517343;MASTER;YIDK;debit;;0
780;143;AKTİF YATIRIM BANKASI;528246;MASTER;YIDK;debit;;0
781;143;AKTİF YATIRIM BANKASI;532813;MASTER;YIKK;credit;;0
782;143;AKTİF YATIRIM BANKASI;534563;MASTER;YIKK;credit;;0
783;143;AKTİF YATIRIM BANKASI;534567;MASTER;YIDK;debit;;0
784;143;AKTİF YATIRIM BANKASI;535843;MASTER;YIKK;credit;;0
785;143;AKTİF YATIRIM BANKASI;581877;MASTER;YIKK;credit;;0
786;143;AKTİF YATIRIM BANKASI;671121;MASTER;YIDK;debit;;0
787;143;AKTİF YATIRIM BANKASI;671155;MASTER;YIDK;debit;;0
788;143;AKTİF YATIRIM BANKASI;979213;TROY;YITDK;debit;;0
789;143;AKTİF YATIRIM BANKASI;979246;TROY;YITKK;credit;;0
790;146;ODEA BANK A.Ş.;468791;VISA;YIKK;credit;;0
791;146;ODEA BANK A.Ş.;468793;VISA;YIKK;credit;;1
792;146;ODEA BANK A.Ş.;468794;VISA;YIKK;credit;;1
793;146;ODEA BANK A.Ş.;468795;VISA;YIKK;credit;;1
794;146;ODEA BANK A.Ş.;468796;VISA;YIDK;debit;;0
795;146;ODEA BANK A.Ş.;468797;VISA;YIDK;debit;;0
796;146;ODEA BANK A.Ş.;469180;VISA;YIKK;credit;;0
797;146;ODEA BANK A.Ş.;469181;VISA;YIKK;credit;;0
798;146;ODEA BANK A.Ş.;516944;MASTER;YIDK;debit;;0
799;146;ODEA BANK A.Ş.;519261;MASTER;YIKK;credit;;0
800;146;ODEA BANK A.Ş.;522347;MASTER;YIKK;credit;;0
801;146;ODEA BANK A.Ş.;522356;MASTER;YIKK;credit;;0
802;146;ODEA BANK A.Ş.;522362;MASTER;YIKK;credit;;0
803;146;ODEA BANK A.Ş.;524677;MASTER;YIKK;credit;;0
804;146;ODEA BANK A.Ş.;526952;MASTER;YIKK;credit;;0
805;146;ODEA BANK A.Ş.;527369;MASTER;YIKK;credit;;0
806;146;ODEA BANK A.Ş.;527383;MASTER;YIKK;credit;;0
807;146;ODEA BANK A.Ş.;527396;MASTER;YIKK;credit;;0
808;146;ODEA BANK A.Ş.;528064;MASTER;YIKK;credit;;0
809;146;ODEA BANK A.Ş.;536255;MASTER;YIKK;credit;;1
810;146;ODEA BANK A.Ş.;670868;MASTER;YIDK;debit;;0
811;146;ODEA BANK A.Ş.;979219;TROY;YITKK;credit;;0
812;203;ALBARAKA TURK;417715;VISA;YIKK;credit;world;1
813;203;ALBARAKA TURK;417716;VISA;YIDK;debit;;0
814;203;ALBARAKA TURK;423002;VISA;YIVKK;credit;world;0
815;203;ALBARAKA TURK;424935;VISA;YIKK;credit;world;0
816;203;ALBARAKA TURK;432284;VISA;YIKK;credit;world;
817;203;ALBARAKA TURK;432285;VISA;YIKK;credit;world;
818;203;ALBARAKA TURK;434572;VISA;YIKK;credit;world;1
819;203;ALBARAKA TURK;479671;VISA;YIKK;credit;;0
820;203;ALBARAKA TURK;511583;MASTER;YIKK;credit;world;0
821;203;ALBARAKA TURK;533796;MASTER;YIKK;credit;world;0
822;203;ALBARAKA TURK;533973;MASTER;YIKK;credit;;0
823;203;ALBARAKA TURK;534264;MASTER;YIKK;credit;world;
824;203;ALBARAKA TURK;547234;MASTER;YIKK;credit;world;1
825;203;ALBARAKA TURK;548232;MASTER;YIKK;credit;;
826;203;ALBARAKA TURK;677397;MASTER;YIDK;debit;;0
827;203;ALBARAKA TURK;979226;TROY;YITKK;credit;;0
828;203;ALBARAKA TURK;979227;TROY;YITDK;debit;;0
829;205;KUVEYT TÜRK EVKAF FİNANS KURUMU;402589;VISA;YIKK;credit;;
830;205;KUVEYT TÜRK EVKAF FİNANS KURUMU;402590;VISA;YIKK;credit;;
831;205;KUVEYT TÜRK EVKAF FİNANS KURUMU;402591;VISA;YIDK;debit;;0
832;205;KUVEYT TÜRK EVKAF FİNANS KURUMU;402592;VISA;YIKK;credit;;1
833;205;KUVEYT TÜRK EVKAF FİNANS KURUMU;403360;VISA;YIKK;credit;;
834;205;KUVEYT TÜRK EVKAF FİNANS KURUMU;431024;VISA;YIKK;credit;;1
835;205;KUVEYT TÜRK EVKAF FİNANS KURUMU;483673;VISA;YIVKK;credit;;0
836;205;KUVEYT TÜRK EVKAF FİNANS KURUMU;483674;VISA;YIDK;debit;;0
837;205;KUVEYT TÜRK EVKAF FİNANS KURUMU;511660;MASTER;YIKK;credit;;1
838;205;KUVEYT TÜRK EVKAF FİNANS KURUMU;512595;MASTER;YIKK;credit;;
839;205;KUVEYT TÜRK EVKAF FİNANS KURUMU;518896;MASTER;YIKK;credit;;0
840;205;KUVEYT TÜRK EVKAF FİNANS KURUMU;520180;MASTER;YIKK;credit;;0
841;205;KUVEYT TÜRK EVKAF FİNANS KURUMU;525312;MASTER;YIKK;credit;;0
842;205;KUVEYT TÜRK EVKAF FİNANS KURUMU;527083;MASTER;YIKK;credit;;0
843;205;KUVEYT TÜRK EVKAF FİNANS KURUMU;547564;MASTER;YIKK;credit;;1
844;205;KUVEYT TÜRK EVKAF FİNANS KURUMU;557370;MASTER;YIDK;debit;;0
845;205;KUVEYT TÜRK EVKAF FİNANS KURUMU;677055;MASTER;YIDK;debit;;0
846;205;KUVEYT TÜRK EVKAF FİNANS KURUMU;979216;TROY;YITDK;debit;;0
847;206;TÜRKİYE FİNANS KATILIM BANKASI;400742;VISA;TFKBKART;credit;bonus;0
848;206;TÜRKİYE FİNANS KATILIM BANKASI;404952;VISA;YIKK;credit;;0
849;206;TÜRKİYE FİNANS KATILIM BANKASI;411685;VISA;TFKBNSTK;credit;bonus;1
850;206;TÜRKİYE FİNANS KATILIM BANKASI;416275;VISA;YIDK;debit;;0
851;206;TÜRKİYE FİNANS KATILIM BANKASI;424927;VISA;TFKbonus;credit;bonus;0
852;206;TÜRKİYE FİNANS KATILIM BANKASI;428462;VISA;TFKbonus;credit;bonus;
853;206;TÜRKİYE FİNANS KATILIM BANKASI;435627;VISA;YIKK;credit;;0
854;206;TÜRKİYE FİNANS KATILIM BANKASI;435628;VISA;YIKK;credit;;0
855;206;TÜRKİYE FİNANS KATILIM BANKASI;435629;VISA;YIDK;debit;;0
856;206;TÜRKİYE FİNANS KATILIM BANKASI;441206;VISA;TFKBKART;credit;bonus;0
857;206;TÜRKİYE FİNANS KATILIM BANKASI;470954;VISA;TFKBKART;credit;bonus;0
858;206;TÜRKİYE FİNANS KATILIM BANKASI;479915;VISA;TFKbonus;credit;bonus;0
859;206;TÜRKİYE FİNANS KATILIM BANKASI;479916;VISA;TFKbonus;credit;bonus;0
860;206;TÜRKİYE FİNANS KATILIM BANKASI;479917;VISA;TFKbonus;credit;bonus;0
861;206;TÜRKİYE FİNANS KATILIM BANKASI;485061;VISA;YIDK;debit;;0
862;206;TÜRKİYE FİNANS KATILIM BANKASI;498724;VISA;TFKbonus;credit;bonus;0
863;206;TÜRKİYE FİNANS KATILIM BANKASI;498725;VISA;TFKbonus;credit;bonus;0
864;206;TÜRKİYE FİNANS KATILIM BANKASI;511758;MASTER;TFKbonus;credit;bonus;0
865;206;TÜRKİYE FİNANS KATILIM BANKASI;511783;MASTER;TFKBKART;credit;bonus;0
866;206;TÜRKİYE FİNANS KATILIM BANKASI;512360;MASTER;TFKbonus;credit;bonus;0
867;206;TÜRKİYE FİNANS KATILIM BANKASI;521848;MASTER;TFKbonus;credit;bonus;
868;206;TÜRKİYE FİNANS KATILIM BANKASI;528293;MASTER;TFKBKART;credit;bonus;0
869;206;TÜRKİYE FİNANS KATILIM BANKASI;537719;MASTER;TFKbonus;credit;bonus;
870;206;TÜRKİYE FİNANS KATILIM BANKASI;549294;MASTER;TFKbonus;credit;bonus;
871;206;TÜRKİYE FİNANS KATILIM BANKASI;552610;MASTER;YIKK;credit;;1
872;206;TÜRKİYE FİNANS KATILIM BANKASI;606043;MASTER;YIDK;debit;;0
873;206;TÜRKİYE FİNANS KATILIM BANKASI;677451;MASTER;YIDK;debit;;0
874;206;TÜRKİYE FİNANS KATILIM BANKASI;979218;TROY;YITDK;debit;;0
875;209;ZİRAAT KATILIM BANKASI A.Ş.;416283;VISA;YIKK;credit;;0
876;209;ZİRAAT KATILIM BANKASI A.Ş.;535248;MASTER;YIDK;debit;;0
877;209;ZİRAAT KATILIM BANKASI A.Ş.;539134;MASTER;YIKK;credit;;0
878;209;ZİRAAT KATILIM BANKASI A.Ş.;670586;MASTER;YIDK;debit;;0
879;209;ZİRAAT KATILIM BANKASI A.Ş.;979221;TROY;YITKK;credit;;0
880;210;VAKIF KATILIM BANKASI A.S;483703;VISA;YIVKK;credit;;0
881;210;VAKIF KATILIM BANKASI A.S;483704;VISA;YIVKK;credit;;0
882;210;VAKIF KATILIM BANKASI A.S;535355;MASTER;YIKK;credit;;0
883;210;VAKIF KATILIM BANKASI A.S;670544;MASTER;YIDK;debit;;0
884;210;VAKIF KATILIM BANKASI A.S;979230;TROY;YIKK;credit;;0
885;210;VAKIF KATILIM BANKASI A.S;979250;TROY;YITDK;debit;;0
886;211;TÜRKİYE EMLAK KATILIM BANKASI A.Ş.;979261;TROY;YITDK;debit;;0
887;900;AKK TURİZM VE TİCARET A.Ş.;456789;VISA;YDKK;credit;;
888;900;AKK TURİZM VE TİCARET A.Ş.;492192;VISA;YIKK;credit;;0
889;900;AKK TURİZM VE TİCARET A.Ş.;512446;MASTER;YIKK;credit;;0
890;900;AKK TURİZM VE TİCARET A.Ş.;516742;MASTER;YIDK;debit;;0
891;900;AKK TURİZM VE TİCARET A.Ş.;521584;MASTER;YIDK;debit;;0
892;900;AKK TURİZM VE TİCARET A.Ş.;539605;MASTER;DNZPTBNS;credit;;0
893;900;AKK TURİZM VE TİCARET A.Ş.;677047;MASTER;YIDK;debit;;0